{"cameraMode":{"drawMode":0,"name":"Shaded","section":"Shading Mode"},"sceneLighting":false,"audioPlay":false,"sceneViewState":{"showFog":true,"showMaterialUpdate":false,"showSkybox":false,"showFlares":true,"showImageEffects":true,"showParticleSystems":true},"in2DMode":false,"pivot":{"x":1.415952444076538,"y":3.1284830570220949,"z":-1.6565852165222169},"rotation":{"x":0.19918066263198853,"y":0.4563598930835724,"z":-0.10560212284326554,"w":0.8607618808746338},"size":8.79317569732666,"orthographic":false}