{"cameraMode":{"drawMode":0,"name":"Shaded","section":"Shading Mode"},"sceneLighting":true,"audioPlay":false,"sceneViewState":{"showFog":true,"showMaterialUpdate":false,"showSkybox":true,"showFlares":true,"showImageEffects":true,"showParticleSystems":true},"in2DMode":false,"pivot":{"x":14.516657829284668,"y":12.91015338897705,"z":28.536300659179689},"rotation":{"x":0.056720808148384097,"y":0.13881410658359528,"z":-0.008014602586627007,"w":0.9886603355407715},"size":22.0,"orthographic":false}