{"cameraMode":{"drawMode":0,"name":"Shaded","section":"Shading Mode"},"sceneLighting":false,"audioPlay":false,"sceneViewState":{"showFog":true,"showMaterialUpdate":false,"showSkybox":false,"showFlares":true,"showImageEffects":true,"showParticleSystems":true},"in2DMode":false,"pivot":{"x":-1.2395766973495484,"y":-0.5544754862785339,"z":-0.6852239370346069},"rotation":{"x":0.26315775513648989,"y":-0.6591070294380188,"z":0.26585665345191958,"w":0.6524157524108887},"size":8.79317569732666,"orthographic":false}