{"cameraMode":{"drawMode":0,"name":"Shaded","section":"Shading Mode"},"sceneLighting":true,"audioPlay":false,"sceneViewState":{"showFog":true,"showMaterialUpdate":false,"showSkybox":true,"showFlares":true,"showImageEffects":true,"showParticleSystems":true},"in2DMode":false,"pivot":{"x":11.468353271484375,"y":-0.046875,"z":-11.79296875},"rotation":{"x":0.6899275779724121,"y":-0.0032574094366282226,"z":0.0031046676449477674,"w":0.7238644957542419},"size":68.82303619384766,"orthographic":true}