{"cameraMode":{"drawMode":0,"name":"Shaded","section":"Shading Mode"},"sceneLighting":false,"audioPlay":false,"sceneViewState":{"showFog":true,"showMaterialUpdate":false,"showSkybox":true,"showFlares":true,"showImageEffects":true,"showParticleSystems":true},"in2DMode":false,"pivot":{"x":8.63532829284668,"y":-1.7206974029541016,"z":-0.7104325890541077},"rotation":{"x":-0.013639790937304497,"y":0.9441421627998352,"z":-0.3268909156322479,"w":-0.039393797516822818},"size":21.010000228881837,"orthographic":false}