{"cameraMode":{"drawMode":0,"name":"Shaded","section":"Shading Mode"},"sceneLighting":false,"audioPlay":false,"sceneViewState":{"showFog":true,"showMaterialUpdate":false,"showSkybox":true,"showFlares":true,"showImageEffects":true,"showParticleSystems":true},"in2DMode":false,"pivot":{"x":6.531043529510498,"y":-4.218592166900635,"z":1.8718931674957276},"rotation":{"x":0.0008742678910493851,"y":0.8740522861480713,"z":-0.48582854866981509,"w":0.0015729484148323537},"size":22.0,"orthographic":false}