{"cameraMode":{"drawMode":0,"name":"Shaded","section":"Shading Mode"},"sceneLighting":false,"audioPlay":false,"sceneViewState":{"showFog":true,"showMaterialUpdate":false,"showSkybox":true,"showFlares":true,"showImageEffects":true,"showParticleSystems":true},"in2DMode":false,"pivot":{"x":-7.220932483673096,"y":-20.242645263671876,"z":-21.31080436706543},"rotation":{"x":0.0665057972073555,"y":-0.9072700142860413,"z":0.3844553530216217,"w":0.1569465696811676},"size":43.55436706542969,"orthographic":false}