{"cameraMode":{"drawMode":0,"name":"Shaded","section":"Shading Mode"},"sceneLighting":false,"audioPlay":false,"sceneViewState":{"showFog":true,"showMaterialUpdate":false,"showSkybox":true,"showFlares":true,"showImageEffects":true,"showParticleSystems":true},"in2DMode":false,"pivot":{"x":-3.667145013809204,"y":11.444750785827637,"z":-4.7353034019470219},"rotation":{"x":0.1971968412399292,"y":0.6877157688140869,"z":-0.20283670723438264,"w":0.6685938239097595},"size":30.62678337097168,"orthographic":false}