{"cameraMode":{"drawMode":0,"name":"Shaded","section":"Shading Mode"},"sceneLighting":false,"audioPlay":false,"sceneViewState":{"showFog":true,"showMaterialUpdate":false,"showSkybox":true,"showFlares":true,"showImageEffects":true,"showParticleSystems":true},"in2DMode":false,"pivot":{"x":-0.21093371510505677,"y":1.341065764427185,"z":3.5670554637908937},"rotation":{"x":0.08038833737373352,"y":0.8950729966163635,"z":-0.17986635863780976,"w":0.4000377058982849},"size":4.757209777832031,"orthographic":false}