{"cameraMode":{"drawMode":0,"name":"Shaded","section":"Shading Mode"},"sceneLighting":false,"audioPlay":false,"sceneViewState":{"showFog":true,"showMaterialUpdate":false,"showSkybox":true,"showFlares":true,"showImageEffects":true,"showParticleSystems":true},"in2DMode":false,"pivot":{"x":3.1469593048095705,"y":-1.4213933944702149,"z":0.4726066589355469},"rotation":{"x":-0.06680185347795487,"y":0.92680823802948,"z":-0.3115769624710083,"w":-0.1987055242061615},"size":21.010000228881837,"orthographic":false}