{"cameraMode":{"drawMode":0,"name":"Shaded","section":"Shading Mode"},"sceneLighting":true,"audioPlay":false,"sceneViewState":{"showFog":true,"showMaterialUpdate":false,"showSkybox":true,"showFlares":true,"showImageEffects":true,"showParticleSystems":true},"in2DMode":false,"pivot":{"x":-3.339056968688965,"y":28.288063049316408,"z":-8.918736457824707},"rotation":{"x":-0.127481147646904,"y":-0.8725180625915527,"z":0.33441120386123659,"w":-0.3326108753681183},"size":17.50356101989746,"orthographic":false}