{"cameraMode":{"drawMode":0,"name":"Shaded","section":"Shading Mode"},"sceneLighting":false,"audioPlay":false,"sceneViewState":{"showFog":true,"showMaterialUpdate":false,"showSkybox":false,"showFlares":true,"showImageEffects":true,"showParticleSystems":true},"in2DMode":false,"pivot":{"x":-1.8856468200683594,"y":5.18027400970459,"z":1.14364755153656},"rotation":{"x":-0.14524762332439423,"y":-0.8531967401504517,"z":0.3810170292854309,"w":-0.3252452611923218},"size":4.041658401489258,"orthographic":false}