{"cameraMode":{"drawMode":0,"name":"Shaded","section":"Shading Mode"},"sceneLighting":false,"audioPlay":false,"sceneViewState":{"showFog":true,"showMaterialUpdate":false,"showSkybox":false,"showFlares":true,"showImageEffects":true,"showParticleSystems":true},"in2DMode":false,"pivot":{"x":7.840000152587891,"y":-0.25,"z":33.459999084472659},"rotation":{"x":-0.1842913180589676,"y":0.6973868012428284,"z":-0.19324007630348206,"w":-0.6650915145874023},"size":2.7000598907470705,"orthographic":false}