{"cameraMode":{"drawMode":0,"name":"Shaded","section":"Shading Mode"},"sceneLighting":false,"audioPlay":false,"sceneViewState":{"showFog":true,"showMaterialUpdate":false,"showSkybox":false,"showFlares":true,"showImageEffects":true,"showParticleSystems":true},"in2DMode":false,"pivot":{"x":2.7868399620056154,"y":1.4369510412216187,"z":0.562371015548706},"rotation":{"x":0.4116906225681305,"y":0.1075834259390831,"z":-0.049014896154403689,"w":0.9036228060722351},"size":5.01958703994751,"orthographic":false}