{"cameraMode":{"drawMode":0,"name":"Shaded","section":"Shading Mode"},"sceneLighting":true,"audioPlay":false,"sceneViewState":{"showFog":true,"showMaterialUpdate":false,"showSkybox":true,"showFlares":true,"showImageEffects":true,"showParticleSystems":true},"in2DMode":false,"pivot":{"x":-17.39977264404297,"y":-13.885711669921875,"z":6.51591682434082},"rotation":{"x":-0.27779731154441836,"y":0.541913628578186,"z":-0.1958567351102829,"w":-0.7686340808868408},"size":34.08906173706055,"orthographic":false}