{"cameraMode":{"drawMode":0,"name":"Shaded","section":"Shading Mode"},"sceneLighting":true,"audioPlay":false,"sceneViewState":{"showFog":true,"showMaterialUpdate":false,"showSkybox":true,"showFlares":true,"showImageEffects":true,"showParticleSystems":true},"in2DMode":false,"pivot":{"x":2.2337958812713625,"y":0.9469510316848755,"z":0.562371015548706},"rotation":{"x":0.4116906225681305,"y":0.1075834259390831,"z":-0.049014896154403689,"w":0.9036228060722351},"size":8.599788665771485,"orthographic":false}