{"cameraMode":{"drawMode":0,"name":"Shaded","section":"Shading Mode"},"sceneLighting":false,"audioPlay":false,"sceneViewState":{"showFog":true,"showMaterialUpdate":false,"showSkybox":false,"showFlares":true,"showImageEffects":true,"showParticleSystems":true},"in2DMode":false,"pivot":{"x":-4.19436502456665,"y":0.07093465328216553,"z":-2.2603087425231935},"rotation":{"x":0.03731171414256096,"y":-0.8540799021720886,"z":0.061866242438554767,"w":0.5151000022888184},"size":11.260063171386719,"orthographic":false}