{"cameraMode":{"drawMode":0,"name":"Shaded","section":"Shading Mode"},"sceneLighting":false,"audioPlay":false,"sceneViewState":{"showFog":true,"showMaterialUpdate":false,"showSkybox":false,"showFlares":true,"showImageEffects":true,"showParticleSystems":true},"in2DMode":false,"pivot":{"x":5.308985710144043,"y":-1.342329978942871,"z":3.460603713989258},"rotation":{"x":0.050593696534633639,"y":-0.05267925187945366,"z":-0.0026728063821792604,"w":-0.9973254799842835},"size":22.0,"orthographic":false}