{"cameraMode":{"drawMode":0,"name":"Shaded","section":"Shading Mode"},"sceneLighting":true,"audioPlay":false,"sceneViewState":{"showFog":true,"showMaterialUpdate":false,"showSkybox":true,"showFlares":true,"showImageEffects":true,"showParticleSystems":true},"in2DMode":false,"pivot":{"x":18.996240615844728,"y":14.451839447021485,"z":-37.43268585205078},"rotation":{"x":0.1937294751405716,"y":-0.13345256447792054,"z":0.026610881090164186,"w":0.9715715050697327},"size":4.149611473083496,"orthographic":false}