{"cameraMode":{"drawMode":0,"name":"Shaded","section":"Shading Mode"},"sceneLighting":false,"audioPlay":false,"sceneViewState":{"showFog":true,"showMaterialUpdate":false,"showSkybox":false,"showFlares":true,"showImageEffects":true,"showParticleSystems":true},"in2DMode":false,"pivot":{"x":-4.310160160064697,"y":-0.5281023979187012,"z":-1.7973580360412598},"rotation":{"x":0.0529756098985672,"y":-0.8411194086074829,"z":0.0838070884346962,"w":0.531684160232544},"size":11.260063171386719,"orthographic":false}