{"cameraMode":{"drawMode":0,"name":"Shaded","section":"Shading Mode"},"sceneLighting":true,"audioPlay":false,"sceneViewState":{"showFog":true,"showMaterialUpdate":false,"showSkybox":true,"showFlares":true,"showImageEffects":true,"showParticleSystems":true},"in2DMode":false,"pivot":{"x":5.308985710144043,"y":-1.342329978942871,"z":3.460603713989258},"rotation":{"x":0.26788702607154848,"y":-0.04478054866194725,"z":0.012465734966099263,"w":0.9623283743858337},"size":33.08197784423828,"orthographic":false}