{"cameraMode":{"drawMode":0,"name":"Shaded","section":"Shading Mode"},"sceneLighting":false,"audioPlay":false,"sceneViewState":{"showFog":true,"showMaterialUpdate":false,"showSkybox":false,"showFlares":true,"showImageEffects":true,"showParticleSystems":true},"in2DMode":false,"pivot":{"x":545.1336059570313,"y":441.1440734863281,"z":12.09224796295166},"rotation":{"x":0.22470560669898988,"y":0.03798731788992882,"z":-0.008765945211052895,"w":0.9736465215682983},"size":415.9136657714844,"orthographic":false}