{"cameraMode":{"drawMode":0,"name":"Shaded","section":"Shading Mode"},"sceneLighting":false,"audioPlay":false,"sceneViewState":{"showFog":true,"showMaterialUpdate":false,"showSkybox":false,"showFlares":true,"showImageEffects":true,"showParticleSystems":true},"in2DMode":false,"pivot":{"x":-0.26548177003860476,"y":4.2062788009643559,"z":-1.1505439281463624},"rotation":{"x":0.11766614764928818,"y":-0.8369616270065308,"z":0.1984511911869049,"w":0.4962530732154846},"size":11.260063171386719,"orthographic":false}