{"cameraMode":{"drawMode":0,"name":"Shaded","section":"Shading Mode"},"sceneLighting":true,"audioPlay":false,"sceneViewState":{"showFog":true,"showMaterialUpdate":false,"showSkybox":true,"showFlares":true,"showImageEffects":true,"showParticleSystems":true},"in2DMode":false,"pivot":{"x":11.219404220581055,"y":8.178573608398438,"z":-3.823380470275879},"rotation":{"x":-0.523438036441803,"y":-0.1354944407939911,"z":0.08474059402942658,"w":-0.8369426131248474},"size":26.88642120361328,"orthographic":false}