{"cameraMode":{"drawMode":0,"name":"Shaded","section":"Shading Mode"},"sceneLighting":true,"audioPlay":false,"sceneViewState":{"showFog":true,"showMaterialUpdate":false,"showSkybox":true,"showFlares":true,"showImageEffects":true,"showParticleSystems":true},"in2DMode":false,"pivot":{"x":5.5322957038879398,"y":10.396181106567383,"z":-22.156686782836915},"rotation":{"x":-0.32007405161857607,"y":-0.005941685754805803,"z":0.0020069775637239219,"w":-0.947371780872345},"size":22.0,"orthographic":false}