{"cameraMode":{"drawMode":0,"name":"Shaded","section":"Shading Mode"},"sceneLighting":false,"audioPlay":false,"sceneViewState":{"showFog":true,"showMaterialUpdate":false,"showSkybox":false,"showFlares":true,"showImageEffects":true,"showParticleSystems":true},"in2DMode":false,"pivot":{"x":0.06663084030151367,"y":-0.10924005508422852,"z":0.09734965860843659},"rotation":{"x":-0.2045627385377884,"y":0.6785268187522888,"z":-0.20566989481449128,"w":-0.6748743653297424},"size":2.6941781044006349,"orthographic":false}