{"cameraMode":{"drawMode":0,"name":"Shaded","section":"Shading Mode"},"sceneLighting":false,"audioPlay":false,"sceneViewState":{"showFog":true,"showMaterialUpdate":false,"showSkybox":false,"showFlares":true,"showImageEffects":true,"showParticleSystems":true},"in2DMode":false,"pivot":{"x":3.567774772644043,"y":0.9610087871551514,"z":0.10532808303833008},"rotation":{"x":-0.1842913180589676,"y":0.6973868012428284,"z":-0.19324007630348206,"w":-0.6650915145874023},"size":10.285943984985352,"orthographic":false}