{"cameraMode":{"drawMode":0,"name":"Shaded","section":"Shading Mode"},"sceneLighting":true,"audioPlay":false,"sceneViewState":{"showFog":true,"showMaterialUpdate":false,"showSkybox":true,"showFlares":true,"showImageEffects":true,"showParticleSystems":true},"in2DMode":false,"pivot":{"x":5.318095684051514,"y":3.7669684886932375,"z":-60.954708099365237},"rotation":{"x":-0.005765661131590605,"y":0.9929624795913696,"z":-0.10495911538600922,"w":-0.05455098673701286},"size":47.240901947021487,"orthographic":false}