{"cameraMode":{"drawMode":0,"name":"Shaded","section":"Shading Mode"},"sceneLighting":true,"audioPlay":false,"sceneViewState":{"showFog":true,"showMaterialUpdate":false,"showSkybox":true,"showFlares":true,"showImageEffects":true,"showParticleSystems":true},"in2DMode":false,"pivot":{"x":2.178236961364746,"y":-10.508391380310059,"z":4.742908000946045},"rotation":{"x":-0.3877054452896118,"y":0.5136573314666748,"z":-0.2794860005378723,"w":-0.7125505805015564},"size":35.840362548828128,"orthographic":false}