{"cameraMode":{"drawMode":0,"name":"Shaded","section":"Shading Mode"},"sceneLighting":false,"audioPlay":false,"sceneViewState":{"showFog":true,"showMaterialUpdate":false,"showSkybox":false,"showFlares":true,"showImageEffects":true,"showParticleSystems":true},"in2DMode":false,"pivot":{"x":3.4000000953674318,"y":4.949999809265137,"z":11.600000381469727},"rotation":{"x":-0.3190779387950897,"y":-0.6280295252799988,"z":0.3150787651538849,"w":-0.6359980702400208},"size":11.944239616394043,"orthographic":false}